{
    "distance":  540979.066746486,
    "handLoc":  null,
    "gripWorld":  {
                      "x":  -331119.92188914015,
                      "y":  427805.5050457842,
                      "z":  -630.7444412419115
                  }
}
